income,incomePredicted
 >50K, <=50K
 <=50K, <=50K
 <=50K, >50K
 >50K, >50K
 >50K, <=50K
 >50K, >50K
 <=50K, <=50K
 >50K, <=50K
 <=50K, <=50K
 <=50K, <=50K
 <=50K, >50K
 <=50K, <=50K
 >50K, >50K
 >50K, >50K
 <=50K, >50K
 <=50K, <=50K
 <=50K, <=50K
 <=50K, <=50K
 <=50K, <=50K
 <=50K, >50K
 <=50K, <=50K
 <=50K, >50K
 <=50K, <=50K
 <=50K, <=50K
 >50K, >50K
 <=50K, <=50K
 <=50K, <=50K
 <=50K, <=50K
 >50K, <=50K
 <=50K, <=50K
 >50K, <=50K
 >50K, >50K
 <=50K, <=50K
 <=50K, <=50K
 <=50K, >50K
 >50K, >50K
 <=50K, <=50K
 <=50K, <=50K
 <=50K, <=50K
 <=50K, <=50K
 <=50K, <=50K
 <=50K, <=50K
 >50K, <=50K
 <=50K, <=50K
 <=50K, <=50K
 <=50K, >50K
 <=50K, <=50K
 <=50K, <=50K
 <=50K, <=50K
 <=50K, <=50K
 <=50K, <=50K
 <=50K, <=50K
 >50K, >50K
 <=50K, <=50K
 <=50K, <=50K
 >50K, >50K
 <=50K, <=50K
 <=50K, <=50K
 >50K, >50K
 <=50K, <=50K
 <=50K, <=50K
 >50K, <=50K
 <=50K, >50K
 <=50K, >50K
 <=50K, <=50K
 <=50K, <=50K
 <=50K, <=50K
 >50K, <=50K
 <=50K, <=50K
 <=50K, <=50K
 <=50K, <=50K
 <=50K, <=50K
 <=50K, <=50K
 <=50K, <=50K
 <=50K, <=50K
 <=50K, <=50K
 <=50K, <=50K
 <=50K, <=50K
 <=50K, <=50K
 <=50K, <=50K
 >50K, <=50K
 <=50K, <=50K
 <=50K, <=50K
 <=50K, <=50K
 <=50K, <=50K
 <=50K, <=50K
 <=50K, <=50K
 <=50K, <=50K
 <=50K, <=50K
 <=50K, <=50K
 >50K, >50K
 >50K, >50K
 <=50K, <=50K
 <=50K, <=50K
 <=50K, <=50K
 >50K, >50K
 >50K, >50K
 >50K, <=50K
 <=50K, <=50K
 <=50K, <=50K
 <=50K, <=50K
 >50K, <=50K
 >50K, >50K
 <=50K, <=50K
 <=50K, <=50K
 <=50K, <=50K
 <=50K, <=50K
 <=50K, <=50K
 <=50K, <=50K
 <=50K, <=50K
 <=50K, <=50K
 <=50K, <=50K
 <=50K, <=50K
 <=50K, <=50K
 <=50K, <=50K
 <=50K, <=50K
 <=50K, <=50K
 <=50K, <=50K
 <=50K, <=50K
 <=50K, <=50K
 <=50K, <=50K
 <=50K, <=50K
 <=50K, <=50K
 >50K, >50K
 <=50K, <=50K
 <=50K, <=50K
 <=50K, <=50K
 <=50K, <=50K
 <=50K, <=50K
 <=50K, <=50K
 <=50K, <=50K
 >50K, <=50K
 <=50K, >50K
 <=50K, <=50K
 <=50K, >50K
 <=50K, <=50K
 >50K, <=50K
 >50K, <=50K
 <=50K, <=50K
 <=50K, <=50K
 >50K, <=50K
 <=50K, <=50K
 <=50K, <=50K
 <=50K, >50K
 <=50K, <=50K
 >50K, >50K
 >50K, <=50K
 <=50K, <=50K
 >50K, >50K
 <=50K, <=50K
 >50K, >50K
 <=50K, <=50K
 <=50K, <=50K
 <=50K, <=50K
 >50K, >50K
 <=50K, >50K
 <=50K, <=50K
 <=50K, <=50K
 <=50K, <=50K
 <=50K, >50K
 >50K, <=50K
 <=50K, <=50K
 <=50K, <=50K
 <=50K, <=50K
 <=50K, <=50K
 >50K, >50K
 <=50K, <=50K
 <=50K, >50K
 <=50K, >50K
 >50K, <=50K
 >50K, >50K
 <=50K, <=50K
 <=50K, <=50K
 >50K, <=50K
 >50K, <=50K
 <=50K, <=50K
 <=50K, <=50K
 <=50K, <=50K
 <=50K, <=50K
 >50K, >50K
 <=50K, <=50K
 <=50K, <=50K
 <=50K, <=50K
 <=50K, <=50K
 <=50K, <=50K
 <=50K, >50K
 <=50K, <=50K
 <=50K, <=50K
 <=50K, <=50K
 <=50K, >50K
 <=50K, <=50K
 <=50K, >50K
 <=50K, <=50K
 >50K, <=50K
 <=50K, <=50K
 <=50K, <=50K
 <=50K, <=50K
 <=50K, <=50K
 >50K, >50K
 >50K, >50K
 >50K, <=50K
 <=50K, <=50K
 <=50K, <=50K
 <=50K, >50K
 <=50K, <=50K
 <=50K, <=50K
 >50K, >50K
 <=50K, <=50K
 <=50K, <=50K
 >50K, <=50K
 >50K, <=50K
 <=50K, <=50K
 <=50K, <=50K
 <=50K, <=50K
 <=50K, <=50K
 <=50K, >50K
 <=50K, >50K
 <=50K, <=50K
 <=50K, <=50K
 <=50K, <=50K
 <=50K, <=50K
 <=50K, <=50K
 <=50K, <=50K
 <=50K, >50K
 <=50K, <=50K
 <=50K, <=50K
 <=50K, <=50K
 <=50K, <=50K
 <=50K, >50K
 <=50K, >50K
 <=50K, <=50K
 <=50K, <=50K
 <=50K, <=50K
 <=50K, <=50K
 <=50K, <=50K
 <=50K, <=50K
 <=50K, <=50K
 <=50K, <=50K
 <=50K, <=50K
 <=50K, <=50K
 >50K, >50K
 <=50K, <=50K
 <=50K, <=50K
 >50K, >50K
 <=50K, >50K
 <=50K, >50K
 <=50K, <=50K
 <=50K, <=50K
 <=50K, <=50K
 >50K, >50K
 <=50K, <=50K
 <=50K, <=50K
 <=50K, <=50K
 <=50K, <=50K
 <=50K, >50K
 <=50K, <=50K
 <=50K, <=50K
 <=50K, <=50K
 <=50K, <=50K
 <=50K, <=50K
 <=50K, <=50K
 >50K, >50K
 >50K, >50K
 <=50K, >50K
 >50K, >50K
 >50K, >50K
 <=50K, <=50K
 <=50K, <=50K
 <=50K, <=50K
 <=50K, <=50K
 <=50K, <=50K
 <=50K, <=50K
 <=50K, <=50K
 <=50K, >50K
 >50K, >50K
 <=50K, >50K
 <=50K, <=50K
 <=50K, <=50K
 <=50K, <=50K
 <=50K, <=50K
 >50K, <=50K
 <=50K, <=50K
 <=50K, <=50K
 >50K, >50K
 <=50K, <=50K
 <=50K, <=50K
 >50K, <=50K
 >50K, >50K
 >50K, >50K
 <=50K, <=50K
 <=50K, <=50K
 <=50K, >50K
 >50K, >50K
 <=50K, >50K
 >50K, >50K
 <=50K, <=50K
 <=50K, <=50K
 >50K, >50K
 <=50K, >50K
 >50K, >50K
 <=50K, <=50K
 <=50K, <=50K
 <=50K, <=50K
 <=50K, <=50K
 <=50K, <=50K
 <=50K, <=50K
 >50K, <=50K
 <=50K, <=50K
 <=50K, <=50K
 <=50K, <=50K
 <=50K, <=50K
 <=50K, <=50K
 <=50K, <=50K
 <=50K, <=50K
 <=50K, <=50K
 >50K, <=50K
 <=50K, <=50K
 >50K, >50K
 <=50K, <=50K
 <=50K, <=50K
 <=50K, <=50K
 <=50K, <=50K
 <=50K, >50K
 <=50K, <=50K
 >50K, <=50K
 <=50K, >50K
 >50K, >50K
 <=50K, <=50K
 <=50K, <=50K
 <=50K, <=50K
 >50K, <=50K
 >50K, >50K
 >50K, >50K
 <=50K, <=50K
 <=50K, <=50K
 <=50K, <=50K
 <=50K, <=50K
 <=50K, <=50K
 <=50K, <=50K
 <=50K, <=50K
 <=50K, <=50K
 <=50K, <=50K
 <=50K, <=50K
 <=50K, <=50K
 <=50K, >50K
 <=50K, <=50K
 <=50K, <=50K
 >50K, >50K
 >50K, >50K
 <=50K, <=50K
 <=50K, >50K
 <=50K, <=50K
 <=50K, <=50K
 <=50K, <=50K
 <=50K, <=50K
 <=50K, <=50K
 <=50K, <=50K
 >50K, <=50K
 >50K, >50K
 <=50K, <=50K
 <=50K, <=50K
 >50K, <=50K
 <=50K, <=50K
 <=50K, <=50K
 <=50K, <=50K
 >50K, >50K
 >50K, <=50K
 <=50K, <=50K
 <=50K, <=50K
 <=50K, <=50K
 <=50K, >50K
 <=50K, <=50K
 <=50K, <=50K
 <=50K, <=50K
 >50K, >50K
 >50K, >50K
 <=50K, <=50K
 >50K, >50K
 <=50K, <=50K
 <=50K, <=50K
 <=50K, <=50K
 >50K, <=50K
 <=50K, <=50K
 >50K, <=50K
 <=50K, <=50K
 <=50K, <=50K
 <=50K, <=50K
 <=50K, <=50K
 <=50K, >50K
 <=50K, <=50K
 <=50K, <=50K
 <=50K, <=50K
 >50K, <=50K
 >50K, <=50K
 >50K, >50K
 <=50K, <=50K
 >50K, >50K
 <=50K, <=50K
 <=50K, >50K
 <=50K, <=50K
 <=50K, >50K
 <=50K, >50K
 >50K, >50K
 >50K, >50K
 <=50K, <=50K
 <=50K, <=50K
 <=50K, >50K
 >50K, >50K
 <=50K, <=50K
 <=50K, <=50K
 <=50K, <=50K
 <=50K, <=50K
 <=50K, <=50K
 >50K, <=50K
 <=50K, <=50K
 >50K, <=50K
 <=50K, <=50K
 <=50K, <=50K
 <=50K, <=50K
 <=50K, <=50K
 >50K, >50K
 <=50K, <=50K
 >50K, >50K
 <=50K, <=50K
 <=50K, <=50K
 <=50K, <=50K
 <=50K, <=50K
 >50K, <=50K
 <=50K, <=50K
 <=50K, >50K
 <=50K, <=50K
 <=50K, <=50K
 <=50K, <=50K
 <=50K, <=50K
 <=50K, >50K
 >50K, >50K
 <=50K, <=50K
 <=50K, <=50K
 >50K, >50K
 <=50K, <=50K
 <=50K, <=50K
 <=50K, <=50K
 <=50K, <=50K
 <=50K, <=50K
 <=50K, <=50K
 <=50K, <=50K
 <=50K, <=50K
 >50K, <=50K
 <=50K, >50K
 <=50K, <=50K
 <=50K, <=50K
 <=50K, >50K
 <=50K, <=50K
 <=50K, <=50K
 <=50K, <=50K
 <=50K, <=50K
 >50K, <=50K
 >50K, >50K
 >50K, >50K
 <=50K, <=50K
 <=50K, <=50K
 >50K, <=50K
 >50K, >50K
 >50K, <=50K
 <=50K, <=50K
 <=50K, <=50K
 <=50K, <=50K
 <=50K, >50K
 <=50K, <=50K
 <=50K, <=50K
 <=50K, <=50K
 <=50K, <=50K
 >50K, >50K
 <=50K, <=50K
 <=50K, <=50K
 <=50K, <=50K
 <=50K, <=50K
 <=50K, <=50K
 <=50K, <=50K
 <=50K, >50K
 >50K, >50K
 <=50K, >50K
 <=50K, <=50K
 >50K, >50K
 <=50K, <=50K
 <=50K, >50K
 <=50K, <=50K
 <=50K, >50K
 <=50K, <=50K
 <=50K, >50K
 <=50K, <=50K
 <=50K, <=50K
 <=50K, <=50K
 <=50K, <=50K
 >50K, >50K
 <=50K, <=50K
 <=50K, <=50K
 <=50K, <=50K
 >50K, <=50K
 <=50K, <=50K
 <=50K, <=50K
 <=50K, <=50K
 >50K, >50K
 <=50K, <=50K
 <=50K, <=50K
 <=50K, <=50K
 <=50K, >50K
 <=50K, <=50K
 >50K, >50K
 <=50K, >50K
 >50K, >50K
 >50K, >50K
 >50K, >50K
 >50K, >50K
 <=50K, <=50K
 <=50K, >50K
 <=50K, <=50K
 >50K, <=50K
 <=50K, <=50K
 >50K, >50K
 <=50K, <=50K
 <=50K, <=50K
 >50K, <=50K
 >50K, <=50K
 <=50K, <=50K
 >50K, >50K
 >50K, >50K
 <=50K, <=50K
 >50K, <=50K
 >50K, >50K
 <=50K, >50K
 <=50K, <=50K
 <=50K, <=50K
 <=50K, <=50K
 <=50K, <=50K
 <=50K, <=50K
 <=50K, <=50K
 <=50K, <=50K
 <=50K, <=50K
 >50K, >50K
 <=50K, <=50K
 <=50K, <=50K
 >50K, >50K
 <=50K, <=50K
 <=50K, <=50K
 >50K, >50K
 <=50K, <=50K
 <=50K, >50K
 <=50K, >50K
 <=50K, <=50K
 <=50K, >50K
 <=50K, >50K
 <=50K, <=50K
 <=50K, <=50K
 <=50K, <=50K
 <=50K, <=50K
 <=50K, <=50K
 <=50K, <=50K
 <=50K, <=50K
 <=50K, <=50K
 <=50K, <=50K
 <=50K, <=50K
 <=50K, <=50K
 <=50K, <=50K
 <=50K, <=50K
 >50K, >50K
 <=50K, >50K
 <=50K, <=50K
 >50K, <=50K
 >50K, >50K
 <=50K, <=50K
 >50K, <=50K
 <=50K, <=50K
 <=50K, <=50K
 <=50K, >50K
 <=50K, <=50K
 <=50K, <=50K
 <=50K, <=50K
 >50K, >50K
 >50K, >50K
 <=50K, >50K
 <=50K, <=50K
 >50K, <=50K
 <=50K, <=50K
 <=50K, <=50K
 <=50K, <=50K
 >50K, >50K
 <=50K, <=50K
 <=50K, >50K
 <=50K, <=50K
 <=50K, >50K
 >50K, >50K
 <=50K, <=50K
 <=50K, >50K
 <=50K, <=50K
 <=50K, <=50K
 >50K, <=50K
 <=50K, <=50K
 <=50K, <=50K
 >50K, <=50K
 >50K, <=50K
 <=50K, <=50K
 <=50K, <=50K
 <=50K, <=50K
 >50K, >50K
 <=50K, <=50K
 >50K, >50K
 <=50K, <=50K
 <=50K, <=50K
 <=50K, <=50K
 >50K, >50K
 >50K, >50K
 >50K, >50K
 <=50K, <=50K
 <=50K, <=50K
 <=50K, <=50K
 <=50K, <=50K
 >50K, <=50K
 <=50K, >50K
 <=50K, >50K
 <=50K, <=50K
 <=50K, <=50K
 >50K, >50K
 <=50K, <=50K
 <=50K, <=50K
 <=50K, <=50K
 <=50K, <=50K
 <=50K, <=50K
 >50K, <=50K
 <=50K, >50K
 >50K, >50K
 >50K, >50K
 <=50K, <=50K
 <=50K, <=50K
 <=50K, <=50K
 <=50K, <=50K
 <=50K, <=50K
 <=50K, <=50K
 >50K, >50K
 >50K, >50K
 >50K, <=50K
 <=50K, <=50K
 <=50K, >50K
 <=50K, <=50K
 <=50K, <=50K
 <=50K, <=50K
 <=50K, >50K
 <=50K, <=50K
 >50K, >50K
 <=50K, <=50K
 <=50K, <=50K
 <=50K, <=50K
 <=50K, <=50K
 <=50K, <=50K
 <=50K, <=50K
 <=50K, <=50K
 <=50K, <=50K
 >50K, >50K
 >50K, <=50K
 <=50K, <=50K
 <=50K, >50K
 <=50K, <=50K
 <=50K, >50K
 <=50K, <=50K
 <=50K, <=50K
 <=50K, >50K
 <=50K, <=50K
 <=50K, <=50K
 <=50K, >50K
 <=50K, <=50K
 <=50K, <=50K
 <=50K, <=50K
 <=50K, >50K
 >50K, >50K
 <=50K, <=50K
 <=50K, <=50K
 <=50K, <=50K
 <=50K, <=50K
 <=50K, >50K
 <=50K, <=50K
 >50K, <=50K
 <=50K, >50K
 <=50K, <=50K
 >50K, >50K
 <=50K, >50K
 <=50K, <=50K
 <=50K, <=50K
 <=50K, <=50K
 >50K, >50K
 <=50K, <=50K
 <=50K, <=50K
 <=50K, <=50K
 <=50K, <=50K
 >50K, >50K
 >50K, <=50K
 >50K, <=50K
 <=50K, >50K
 >50K, <=50K
 <=50K, >50K
 <=50K, <=50K
 <=50K, <=50K
 <=50K, <=50K
 <=50K, >50K
 <=50K, <=50K
 >50K, <=50K
 <=50K, <=50K
 <=50K, <=50K
 <=50K, <=50K
 <=50K, <=50K
 <=50K, <=50K
 >50K, >50K
 <=50K, <=50K
 <=50K, <=50K
 <=50K, <=50K
 <=50K, <=50K
 >50K, >50K
 >50K, <=50K
 <=50K, <=50K
 >50K, >50K
 <=50K, <=50K
 >50K, >50K
 <=50K, <=50K
 >50K, >50K
 <=50K, <=50K
 <=50K, <=50K
 <=50K, >50K
 <=50K, <=50K
 <=50K, <=50K
 >50K, <=50K
 <=50K, <=50K
 <=50K, <=50K
 <=50K, <=50K
 <=50K, >50K
 <=50K, <=50K
 <=50K, <=50K
 >50K, <=50K
 <=50K, >50K
 <=50K, <=50K
 <=50K, <=50K
 <=50K, <=50K
 <=50K, <=50K
 <=50K, <=50K
 <=50K, <=50K
 <=50K, <=50K
 <=50K, <=50K
 >50K, >50K
 <=50K, >50K
 <=50K, <=50K
 <=50K, <=50K
 <=50K, <=50K
 >50K, >50K
 >50K, <=50K
 <=50K, >50K
 >50K, >50K
 <=50K, <=50K
 >50K, <=50K
 <=50K, <=50K
 <=50K, <=50K
 <=50K, <=50K
 <=50K, <=50K
 >50K, >50K
 <=50K, >50K
 <=50K, <=50K
 <=50K, >50K
 <=50K, <=50K
 <=50K, <=50K
 >50K, <=50K
 <=50K, <=50K
 <=50K, <=50K
 <=50K, <=50K
 >50K, >50K
 <=50K, <=50K
 <=50K, >50K
 >50K, >50K
 <=50K, <=50K
 >50K, >50K
 <=50K, <=50K
 <=50K, <=50K
 <=50K, <=50K
 <=50K, <=50K
 <=50K, <=50K
 <=50K, <=50K
 >50K, <=50K
 <=50K, <=50K
 <=50K, <=50K
 <=50K, >50K
 <=50K, <=50K
 <=50K, <=50K
 <=50K, <=50K
 <=50K, <=50K
 <=50K, <=50K
 >50K, <=50K
 <=50K, <=50K
 <=50K, <=50K
 <=50K, >50K
 <=50K, <=50K
 <=50K, <=50K
 >50K, >50K
 <=50K, <=50K
 <=50K, <=50K
 <=50K, <=50K
 <=50K, <=50K
 >50K, >50K
 <=50K, <=50K
 <=50K, >50K
 >50K, <=50K
 >50K, >50K
 <=50K, <=50K
 <=50K, <=50K
 <=50K, <=50K
 <=50K, <=50K
 >50K, >50K
 <=50K, <=50K
 <=50K, <=50K
 <=50K, <=50K
 >50K, >50K
 >50K, >50K
 >50K, <=50K
 >50K, >50K
 <=50K, <=50K
 <=50K, <=50K
 <=50K, <=50K
 <=50K, <=50K
 <=50K, <=50K
 <=50K, <=50K
 <=50K, <=50K
 <=50K, <=50K
 <=50K, <=50K
 <=50K, <=50K
 >50K, >50K
 <=50K, <=50K
 <=50K, <=50K
 >50K, <=50K
 <=50K, <=50K
 <=50K, >50K
 <=50K, >50K
 <=50K, <=50K
 <=50K, <=50K
 >50K, >50K
 <=50K, <=50K
 <=50K, <=50K
 <=50K, <=50K
 >50K, >50K
 >50K, >50K
 <=50K, <=50K
 >50K, >50K
 <=50K, <=50K
 <=50K, <=50K
 <=50K, <=50K
 >50K, >50K
 >50K, >50K
 <=50K, <=50K
 <=50K, <=50K
 <=50K, <=50K
 >50K, >50K
 <=50K, <=50K
 <=50K, <=50K
 >50K, >50K
 <=50K, <=50K
 <=50K, <=50K
 <=50K, <=50K
 <=50K, <=50K
 >50K, >50K
 <=50K, <=50K
 <=50K, <=50K
 <=50K, <=50K
 >50K, >50K
 <=50K, >50K
 >50K, >50K
 <=50K, <=50K
 <=50K, <=50K
 <=50K, <=50K
 <=50K, <=50K
 <=50K, <=50K
 <=50K, <=50K
 <=50K, <=50K
 <=50K, <=50K
 >50K, <=50K
 <=50K, <=50K
 <=50K, <=50K
 <=50K, <=50K
 <=50K, <=50K
 >50K, >50K
 <=50K, <=50K
 <=50K, <=50K
 <=50K, <=50K
 <=50K, <=50K
 <=50K, <=50K
 >50K, >50K
 <=50K, <=50K
 <=50K, >50K
 >50K, >50K
 <=50K, <=50K
 <=50K, <=50K
 <=50K, <=50K
 <=50K, <=50K
 <=50K, >50K
 <=50K, <=50K
 <=50K, <=50K
 <=50K, <=50K
 <=50K, <=50K
 <=50K, <=50K
 <=50K, <=50K
 <=50K, <=50K
 <=50K, <=50K
 <=50K, <=50K
 <=50K, <=50K
 <=50K, <=50K
 <=50K, <=50K
 <=50K, >50K
 <=50K, <=50K
 <=50K, <=50K
 <=50K, <=50K
 >50K, >50K
 <=50K, <=50K
 <=50K, <=50K
 <=50K, <=50K
 <=50K, <=50K
 <=50K, <=50K
 <=50K, >50K
 <=50K, <=50K
 >50K, <=50K
 <=50K, <=50K
 <=50K, <=50K
 <=50K, <=50K
 <=50K, <=50K
 <=50K, <=50K
 >50K, <=50K
 <=50K, <=50K
 <=50K, <=50K
 <=50K, <=50K
 >50K, >50K
 <=50K, <=50K
 >50K, >50K
 <=50K, <=50K
 <=50K, <=50K
 <=50K, <=50K
 <=50K, <=50K
 <=50K, <=50K
 <=50K, <=50K
 <=50K, <=50K
 <=50K, <=50K
 >50K, >50K
 <=50K, <=50K
 >50K, >50K
 <=50K, <=50K
 <=50K, <=50K
 <=50K, <=50K
 <=50K, <=50K
 <=50K, <=50K
 <=50K, <=50K
 >50K, <=50K
 <=50K, <=50K
 <=50K, <=50K
 >50K, >50K
 >50K, >50K
 >50K, >50K
 <=50K, <=50K
 <=50K, <=50K
 <=50K, <=50K
 <=50K, <=50K
 <=50K, <=50K
 <=50K, <=50K
 <=50K, <=50K
 <=50K, <=50K
 <=50K, <=50K
 >50K, <=50K
 <=50K, <=50K
 <=50K, <=50K
 <=50K, <=50K
 <=50K, <=50K
 <=50K, <=50K
 <=50K, <=50K
 >50K, >50K
 >50K, >50K
 <=50K, <=50K
 <=50K, <=50K
 <=50K, <=50K
 >50K, >50K
 <=50K, <=50K
 <=50K, <=50K
 <=50K, >50K
 <=50K, <=50K
 >50K, >50K
 <=50K, <=50K
 >50K, >50K
 <=50K, >50K
 >50K, >50K
 >50K, >50K
 <=50K, <=50K
 <=50K, <=50K
 <=50K, <=50K
 <=50K, >50K
 >50K, >50K
 <=50K, <=50K
 <=50K, <=50K
 <=50K, <=50K
 >50K, >50K
 >50K, >50K
 <=50K, <=50K
 <=50K, <=50K
 <=50K, <=50K
 <=50K, <=50K
 <=50K, <=50K
 <=50K, <=50K
 >50K, >50K
 <=50K, <=50K
 <=50K, <=50K
 <=50K, <=50K
 <=50K, <=50K
 <=50K, <=50K
 <=50K, <=50K
 >50K, >50K
 <=50K, <=50K
 <=50K, <=50K
 <=50K, <=50K
 >50K, >50K
 <=50K, <=50K
 <=50K, >50K
 <=50K, <=50K
 <=50K, <=50K
 <=50K, <=50K
 >50K, >50K
 >50K, <=50K
 <=50K, <=50K
 <=50K, <=50K
 <=50K, <=50K
 <=50K, <=50K
 <=50K, <=50K
 >50K, <=50K
 <=50K, <=50K
 <=50K, <=50K
 <=50K, <=50K
 <=50K, <=50K
 <=50K, <=50K
 <=50K, <=50K
 >50K, >50K
 <=50K, <=50K
 <=50K, <=50K
 <=50K, <=50K
 <=50K, <=50K
 >50K, <=50K
 >50K, <=50K
 <=50K, <=50K
 <=50K, <=50K
 >50K, <=50K
 <=50K, <=50K
 <=50K, <=50K
 <=50K, <=50K
 <=50K, <=50K
 <=50K, <=50K
 <=50K, <=50K
 <=50K, <=50K
 <=50K, >50K
 >50K, <=50K
 <=50K, <=50K
 <=50K, <=50K
 >50K, <=50K
 <=50K, <=50K
 >50K, <=50K
 <=50K, <=50K
 <=50K, <=50K
 <=50K, <=50K
 <=50K, <=50K
 >50K, >50K
 <=50K, >50K
 <=50K, <=50K
 <=50K, <=50K
 >50K, <=50K
 >50K, <=50K
 <=50K, <=50K
 <=50K, <=50K
 <=50K, <=50K
 <=50K, <=50K
 <=50K, <=50K
 <=50K, <=50K
 >50K, <=50K
 <=50K, >50K
 >50K, >50K
 <=50K, <=50K
 <=50K, <=50K
 >50K, >50K
 >50K, <=50K
 <=50K, <=50K
 <=50K, <=50K
 <=50K, <=50K
 <=50K, <=50K
 >50K, >50K
 <=50K, <=50K
 <=50K, <=50K
 <=50K, <=50K
 >50K, <=50K
 <=50K, <=50K
 <=50K, <=50K
 <=50K, <=50K
 <=50K, <=50K
 <=50K, <=50K
 <=50K, >50K
 <=50K, <=50K
 <=50K, <=50K
 <=50K, <=50K
 <=50K, >50K
 >50K, <=50K
 <=50K, >50K
 >50K, <=50K
 <=50K, <=50K
 <=50K, <=50K
 <=50K, <=50K
 <=50K, <=50K
 <=50K, <=50K
 <=50K, <=50K
 >50K, <=50K
 >50K, >50K
 <=50K, <=50K
 >50K, <=50K
 <=50K, >50K
 <=50K, <=50K
 <=50K, <=50K
 <=50K, <=50K
 <=50K, <=50K
 <=50K, <=50K
 <=50K, >50K
 >50K, >50K
 <=50K, <=50K
 <=50K, <=50K
 <=50K, <=50K
 <=50K, <=50K
 <=50K, <=50K
 <=50K, >50K
 <=50K, >50K
 >50K, <=50K
 <=50K, <=50K
 >50K, <=50K
 <=50K, <=50K
 <=50K, >50K
 <=50K, <=50K
 >50K, >50K
 <=50K, <=50K
 <=50K, >50K
 <=50K, <=50K
 >50K, >50K
 <=50K, <=50K
 <=50K, <=50K
 >50K, <=50K
 >50K, >50K
 <=50K, <=50K
 <=50K, >50K
 <=50K, <=50K
 <=50K, <=50K
 <=50K, >50K
 <=50K, <=50K
 <=50K, <=50K
 <=50K, <=50K
 >50K, >50K
 <=50K, <=50K
 <=50K, <=50K
 <=50K, <=50K
 <=50K, <=50K
 <=50K, <=50K
 >50K, >50K
 <=50K, <=50K
 >50K, >50K
 <=50K, <=50K
 >50K, >50K
 <=50K, <=50K
 >50K, >50K
 <=50K, <=50K
 <=50K, >50K
 >50K, >50K
 >50K, >50K
 <=50K, <=50K
 >50K, <=50K
 <=50K, <=50K
 <=50K, <=50K
 <=50K, <=50K
 <=50K, <=50K
 <=50K, <=50K
 >50K, >50K
 <=50K, <=50K
 <=50K, <=50K
 <=50K, <=50K
 <=50K, <=50K
 <=50K, <=50K
 <=50K, <=50K
 <=50K, <=50K
 <=50K, <=50K
 <=50K, <=50K
 <=50K, >50K
 <=50K, <=50K
 <=50K, <=50K
 >50K, >50K
 <=50K, <=50K
 <=50K, <=50K
 <=50K, <=50K
 <=50K, <=50K
 <=50K, <=50K
 <=50K, <=50K
 <=50K, <=50K
 <=50K, >50K
 <=50K, <=50K
 <=50K, <=50K
 <=50K, >50K
 <=50K, >50K
 <=50K, <=50K
 <=50K, <=50K
 <=50K, >50K
 <=50K, >50K
 <=50K, <=50K
 >50K, <=50K
 >50K, <=50K
 <=50K, >50K
 <=50K, <=50K
 <=50K, <=50K
 <=50K, <=50K
 <=50K, <=50K
 >50K, >50K
 >50K, >50K
 <=50K, <=50K
 <=50K, <=50K
 <=50K, <=50K
 >50K, >50K
 >50K, >50K
 <=50K, <=50K
 >50K, <=50K
 >50K, >50K
 <=50K, <=50K
 <=50K, >50K
 <=50K, <=50K
 <=50K, <=50K
 >50K, >50K
 <=50K, <=50K
 <=50K, <=50K
 <=50K, <=50K
 <=50K, <=50K
 <=50K, >50K
 >50K, >50K
 <=50K, <=50K
 <=50K, <=50K
 <=50K, <=50K
 <=50K, <=50K
 <=50K, <=50K
 <=50K, <=50K
 <=50K, <=50K
 >50K, <=50K
 <=50K, <=50K
 >50K, >50K
 <=50K, <=50K
 <=50K, <=50K
 <=50K, <=50K
 <=50K, <=50K
 <=50K, <=50K
 <=50K, <=50K
 <=50K, <=50K
 <=50K, <=50K
 <=50K, >50K
 <=50K, <=50K
 <=50K, <=50K
 <=50K, >50K
 >50K, >50K
 <=50K, <=50K
 >50K, <=50K
 >50K, <=50K
 <=50K, <=50K
 <=50K, <=50K
 >50K, <=50K
 <=50K, <=50K
 <=50K, >50K
 <=50K, <=50K
 <=50K, >50K
 <=50K, <=50K
 <=50K, <=50K
 <=50K, <=50K
 <=50K, >50K
 <=50K, <=50K
 <=50K, <=50K
 >50K, >50K
 <=50K, <=50K
 <=50K, <=50K
 >50K, >50K
 <=50K, <=50K
 <=50K, >50K
 <=50K, <=50K
 <=50K, <=50K
 <=50K, <=50K
 >50K, <=50K
 >50K, <=50K
 <=50K, <=50K
 <=50K, <=50K
 >50K, <=50K
 <=50K, <=50K
 <=50K, >50K
 <=50K, <=50K
 <=50K, <=50K
 <=50K, <=50K
 <=50K, <=50K
 >50K, <=50K
 <=50K, <=50K
 <=50K, >50K
 <=50K, >50K
 >50K, <=50K
 <=50K, <=50K
 <=50K, <=50K
 <=50K, <=50K
 >50K, >50K
 <=50K, <=50K
 <=50K, >50K
 <=50K, >50K
 <=50K, <=50K
 <=50K, <=50K
 <=50K, <=50K
 >50K, >50K
 >50K, <=50K
 <=50K, <=50K
 <=50K, <=50K
 <=50K, <=50K
 <=50K, <=50K
 <=50K, <=50K
 >50K, >50K
 <=50K, <=50K
 <=50K, <=50K
 <=50K, <=50K
 <=50K, <=50K
 <=50K, <=50K
 <=50K, <=50K
 >50K, <=50K
 <=50K, <=50K
 <=50K, <=50K
 <=50K, <=50K
 <=50K, <=50K
 >50K, <=50K
 <=50K, <=50K
 <=50K, <=50K
 <=50K, <=50K
 <=50K, <=50K
 <=50K, <=50K
 >50K, >50K
 <=50K, <=50K
 <=50K, <=50K
 <=50K, <=50K
 <=50K, <=50K
 <=50K, <=50K
 <=50K, <=50K
 <=50K, <=50K
 <=50K, <=50K
 <=50K, <=50K
 >50K, <=50K
 <=50K, <=50K
 <=50K, <=50K
 >50K, >50K
 >50K, >50K
 <=50K, <=50K
 <=50K, <=50K
 <=50K, <=50K
 <=50K, <=50K
 <=50K, <=50K
 <=50K, >50K
 >50K, >50K
 <=50K, <=50K
 <=50K, <=50K
 >50K, <=50K
 >50K, <=50K
 <=50K, <=50K
 <=50K, >50K
 <=50K, <=50K
 <=50K, <=50K
 >50K, >50K
 <=50K, <=50K
 >50K, >50K
 <=50K, <=50K
 >50K, <=50K
 <=50K, <=50K
 >50K, >50K
 <=50K, <=50K
 <=50K, <=50K
 <=50K, <=50K
 <=50K, <=50K
 <=50K, <=50K
 <=50K, >50K
 >50K, >50K
 <=50K, <=50K
 <=50K, <=50K
 <=50K, <=50K
 <=50K, <=50K
 <=50K, <=50K
 >50K, >50K
 <=50K, <=50K
 <=50K, <=50K
 <=50K, >50K
 >50K, <=50K
 <=50K, <=50K
 >50K, <=50K
 <=50K, <=50K
 <=50K, <=50K
 <=50K, <=50K
 <=50K, <=50K
 <=50K, <=50K
 >50K, >50K
 <=50K, <=50K
 <=50K, <=50K
 <=50K, <=50K
 >50K, >50K
 <=50K, >50K
 <=50K, <=50K
 <=50K, >50K
 >50K, >50K
 <=50K, <=50K
 >50K, >50K
 <=50K, <=50K
 >50K, >50K
 <=50K, >50K
 <=50K, <=50K
 >50K, >50K
 <=50K, <=50K
 <=50K, >50K
 <=50K, <=50K
 <=50K, >50K
 <=50K, <=50K
 <=50K, <=50K
 <=50K, <=50K
 <=50K, <=50K
 >50K, >50K
 <=50K, <=50K
 >50K, >50K
 >50K, >50K
 <=50K, <=50K
 <=50K, <=50K
 <=50K, >50K
 >50K, <=50K
 <=50K, >50K
 >50K, >50K
 <=50K, <=50K
 <=50K, <=50K
 <=50K, <=50K
 <=50K, <=50K
 >50K, >50K
 <=50K, <=50K
 <=50K, <=50K
 <=50K, <=50K
 <=50K, <=50K
 >50K, >50K
 >50K, <=50K
 <=50K, <=50K
 <=50K, <=50K
 <=50K, <=50K
 <=50K, <=50K
 <=50K, <=50K
 <=50K, <=50K
 <=50K, <=50K
 <=50K, <=50K
 <=50K, <=50K
 <=50K, <=50K
 <=50K, <=50K
 <=50K, <=50K
 <=50K, <=50K
 <=50K, >50K
 <=50K, <=50K
 <=50K, >50K
 <=50K, <=50K
 <=50K, <=50K
 <=50K, <=50K
 <=50K, <=50K
 >50K, <=50K
 <=50K, <=50K
 >50K, <=50K
 <=50K, <=50K
 <=50K, <=50K
 <=50K, <=50K
 <=50K, <=50K
 <=50K, <=50K
 >50K, >50K
 <=50K, >50K
 <=50K, <=50K
 <=50K, <=50K
 >50K, <=50K
 >50K, >50K
 >50K, >50K
 <=50K, <=50K
 <=50K, <=50K
 <=50K, <=50K
 >50K, >50K
 <=50K, <=50K
 <=50K, <=50K
 <=50K, <=50K
 <=50K, <=50K
 <=50K, <=50K
 <=50K, <=50K
 <=50K, <=50K
 >50K, >50K
 >50K, >50K
 <=50K, <=50K
 <=50K, <=50K
 <=50K, <=50K
 >50K, >50K
 <=50K, <=50K
 <=50K, <=50K
 <=50K, <=50K
 <=50K, <=50K
 <=50K, >50K
 >50K, <=50K
 <=50K, <=50K
 <=50K, <=50K
 <=50K, <=50K
 <=50K, <=50K
 <=50K, <=50K
 <=50K, <=50K
 >50K, >50K
 <=50K, <=50K
 >50K, >50K
 >50K, >50K
 <=50K, <=50K
 <=50K, <=50K
 <=50K, <=50K
 >50K, >50K
 <=50K, <=50K
 <=50K, <=50K
 <=50K, <=50K
 <=50K, <=50K
 >50K, <=50K
 <=50K, <=50K
 <=50K, <=50K
 <=50K, <=50K
 <=50K, <=50K
 >50K, <=50K
 <=50K, <=50K
 <=50K, <=50K
 <=50K, <=50K
 >50K, <=50K
 >50K, >50K
 <=50K, <=50K
 <=50K, <=50K
 <=50K, <=50K
 >50K, <=50K
 <=50K, <=50K
 <=50K, <=50K
 <=50K, >50K
 <=50K, <=50K
 <=50K, <=50K
 <=50K, <=50K
 >50K, >50K
 <=50K, <=50K
 >50K, <=50K
 >50K, <=50K
 <=50K, <=50K
 <=50K, <=50K
 >50K, <=50K
 <=50K, <=50K
 >50K, <=50K
 <=50K, <=50K
 <=50K, <=50K
 <=50K, <=50K
 <=50K, <=50K
 <=50K, <=50K
 <=50K, <=50K
 <=50K, <=50K
 >50K, >50K
 <=50K, <=50K
 <=50K, <=50K
 <=50K, <=50K
 <=50K, <=50K
 >50K, <=50K
 <=50K, <=50K
 <=50K, <=50K
 <=50K, <=50K
 >50K, <=50K
 <=50K, <=50K
 <=50K, <=50K
 <=50K, <=50K
 <=50K, <=50K
 <=50K, <=50K
 <=50K, <=50K
 >50K, >50K
 <=50K, <=50K
 >50K, <=50K
 <=50K, <=50K
 >50K, >50K
 <=50K, <=50K
 <=50K, <=50K
 <=50K, <=50K
 >50K, >50K
 >50K, <=50K
 <=50K, <=50K
 <=50K, <=50K
 >50K, <=50K
 <=50K, <=50K
 <=50K, <=50K
 <=50K, >50K
 <=50K, <=50K
 <=50K, <=50K
 <=50K, <=50K
 <=50K, <=50K
 <=50K, <=50K
 >50K, <=50K
 <=50K, >50K
 <=50K, <=50K
 <=50K, <=50K
 <=50K, <=50K
 <=50K, <=50K
 >50K, >50K
 <=50K, <=50K
 <=50K, <=50K
 <=50K, <=50K
 <=50K, <=50K
 <=50K, <=50K
 >50K, >50K
 <=50K, <=50K
 <=50K, <=50K
 <=50K, <=50K
 <=50K, <=50K
 >50K, >50K
 >50K, <=50K
 <=50K, <=50K
 <=50K, <=50K
 >50K, >50K
 <=50K, <=50K
 <=50K, <=50K
 <=50K, <=50K
 <=50K, <=50K
 <=50K, <=50K
 <=50K, <=50K
 >50K, <=50K
 <=50K, <=50K
 <=50K, <=50K
 <=50K, <=50K
 >50K, <=50K
 >50K, <=50K
 <=50K, <=50K
 <=50K, >50K
 >50K, >50K
 <=50K, <=50K
 >50K, <=50K
 <=50K, <=50K
 <=50K, <=50K
 <=50K, <=50K
 <=50K, <=50K
 <=50K, <=50K
 <=50K, <=50K
 <=50K, <=50K
 <=50K, <=50K
 <=50K, >50K
 <=50K, <=50K
 >50K, >50K
 <=50K, <=50K
 <=50K, <=50K
 <=50K, <=50K
 <=50K, <=50K
 <=50K, <=50K
 <=50K, <=50K
 <=50K, <=50K
 <=50K, <=50K
 >50K, >50K
 <=50K, <=50K
 <=50K, <=50K
 >50K, >50K
 <=50K, <=50K
 <=50K, <=50K
 <=50K, <=50K
 <=50K, <=50K
 >50K, >50K
 <=50K, <=50K
 <=50K, <=50K
 >50K, <=50K
 >50K, <=50K
 <=50K, <=50K
 <=50K, <=50K
 <=50K, >50K
 <=50K, <=50K
 <=50K, <=50K
 >50K, <=50K
 <=50K, <=50K
 <=50K, <=50K
 <=50K, <=50K
 >50K, <=50K
 <=50K, <=50K
 <=50K, <=50K
 <=50K, <=50K
 >50K, <=50K
 <=50K, >50K
 <=50K, >50K
 <=50K, <=50K
 <=50K, >50K
 >50K, <=50K
 <=50K, <=50K
 <=50K, <=50K
 <=50K, <=50K
 >50K, >50K
 <=50K, <=50K
 <=50K, <=50K
 >50K, <=50K
 <=50K, <=50K
 >50K, <=50K
 >50K, >50K
 <=50K, <=50K
 <=50K, <=50K
 >50K, >50K
 <=50K, <=50K
 <=50K, <=50K
 >50K, >50K
 <=50K, <=50K
 <=50K, <=50K
 >50K, <=50K
 >50K, >50K
 <=50K, <=50K
 <=50K, <=50K
 >50K, >50K
 <=50K, <=50K
 <=50K, >50K
 <=50K, <=50K
 <=50K, <=50K
 >50K, >50K
 >50K, >50K
 >50K, >50K
 <=50K, <=50K
 >50K, >50K
 <=50K, <=50K
 >50K, >50K
 <=50K, <=50K
 <=50K, <=50K
 <=50K, <=50K
 >50K, >50K
 >50K, <=50K
 >50K, <=50K
 >50K, <=50K
 <=50K, <=50K
 <=50K, <=50K
 <=50K, <=50K
 <=50K, <=50K
 <=50K, <=50K
 <=50K, <=50K
 <=50K, <=50K
 <=50K, <=50K
 <=50K, <=50K
 <=50K, >50K
 <=50K, <=50K
 <=50K, >50K
 <=50K, <=50K
 <=50K, <=50K
 <=50K, >50K
 <=50K, <=50K
 >50K, <=50K
 >50K, >50K
 <=50K, <=50K
 <=50K, <=50K
 >50K, >50K
 <=50K, >50K
 <=50K, <=50K
 >50K, >50K
 <=50K, <=50K
 >50K, >50K
 <=50K, <=50K
 <=50K, <=50K
 >50K, <=50K
 <=50K, <=50K
 >50K, >50K
 <=50K, <=50K
 >50K, >50K
 >50K, >50K
 <=50K, <=50K
 <=50K, <=50K
 <=50K, <=50K
 <=50K, >50K
 <=50K, <=50K
 <=50K, <=50K
 <=50K, <=50K
 <=50K, <=50K
 <=50K, >50K
 <=50K, >50K
 <=50K, <=50K
 >50K, >50K
 <=50K, <=50K
 <=50K, <=50K
 <=50K, <=50K
 <=50K, <=50K
 <=50K, <=50K
 <=50K, >50K
 <=50K, <=50K
 <=50K, <=50K
 <=50K, <=50K
 <=50K, <=50K
 <=50K, <=50K
 <=50K, <=50K
 <=50K, <=50K
 >50K, >50K
 <=50K, <=50K
 <=50K, <=50K
 <=50K, <=50K
 <=50K, <=50K
 <=50K, <=50K
 <=50K, <=50K
 <=50K, <=50K
 >50K, <=50K
 <=50K, <=50K
 <=50K, <=50K
 <=50K, <=50K
 >50K, >50K
 <=50K, <=50K
 >50K, <=50K
 <=50K, <=50K
 <=50K, <=50K
 <=50K, <=50K
 >50K, <=50K
 <=50K, <=50K
 <=50K, >50K
 <=50K, <=50K
 <=50K, <=50K
 >50K, >50K
 <=50K, <=50K
 >50K, <=50K
 <=50K, <=50K
 <=50K, <=50K
 >50K, <=50K
 >50K, <=50K
 <=50K, >50K
 <=50K, <=50K
 <=50K, <=50K
 <=50K, <=50K
 <=50K, <=50K
 >50K, <=50K
 <=50K, <=50K
 <=50K, <=50K
 >50K, >50K
 <=50K, <=50K
 >50K, >50K
 <=50K, <=50K
 >50K, <=50K
 <=50K, <=50K
 <=50K, >50K
 <=50K, <=50K
 <=50K, <=50K
 <=50K, <=50K
 <=50K, <=50K
 <=50K, <=50K
 <=50K, <=50K
 >50K, >50K
 <=50K, <=50K
 >50K, >50K
 >50K, >50K
 >50K, >50K
 <=50K, <=50K
 <=50K, >50K
 <=50K, <=50K
 <=50K, <=50K
 <=50K, <=50K
 <=50K, <=50K
 >50K, >50K
 <=50K, <=50K
 >50K, >50K
 <=50K, <=50K
 <=50K, <=50K
 <=50K, <=50K
 >50K, >50K
 >50K, >50K
 <=50K, <=50K
 <=50K, <=50K
 <=50K, <=50K
 <=50K, <=50K
 <=50K, <=50K
 <=50K, <=50K
 <=50K, >50K
 <=50K, <=50K
 <=50K, >50K
 <=50K, <=50K
 <=50K, <=50K
 <=50K, <=50K
 <=50K, <=50K
 >50K, <=50K
 >50K, <=50K
 <=50K, <=50K
 >50K, >50K
 <=50K, <=50K
 >50K, >50K
 <=50K, <=50K
 <=50K, >50K
 <=50K, <=50K
 <=50K, <=50K
 <=50K, <=50K
 >50K, >50K
 <=50K, <=50K
 <=50K, <=50K
 >50K, >50K
 <=50K, <=50K
 <=50K, <=50K
 <=50K, <=50K
 <=50K, <=50K
 <=50K, <=50K
 <=50K, <=50K
 <=50K, <=50K
 <=50K, <=50K
 >50K, >50K
 >50K, >50K
 <=50K, >50K
 >50K, >50K
 <=50K, <=50K
 <=50K, <=50K
 <=50K, <=50K
 <=50K, <=50K
 <=50K, <=50K
 <=50K, <=50K
 <=50K, <=50K
 >50K, <=50K
 <=50K, <=50K
 >50K, >50K
 >50K, >50K
 <=50K, >50K
 >50K, >50K
 <=50K, <=50K
 <=50K, <=50K
 <=50K, >50K
 <=50K, >50K
 <=50K, <=50K
 <=50K, <=50K
 >50K, <=50K
 <=50K, <=50K
 <=50K, <=50K
 <=50K, <=50K
 <=50K, <=50K
 <=50K, <=50K
 <=50K, <=50K
 >50K, >50K
 <=50K, <=50K
 >50K, <=50K
 <=50K, >50K
 >50K, <=50K
 <=50K, <=50K
 <=50K, <=50K
 >50K, >50K
 <=50K, <=50K
 <=50K, <=50K
 >50K, >50K
 >50K, <=50K
 <=50K, <=50K
 <=50K, <=50K
 <=50K, <=50K
 <=50K, <=50K
 <=50K, <=50K
 <=50K, <=50K
 <=50K, <=50K
 <=50K, <=50K
 >50K, <=50K
 <=50K, <=50K
 >50K, <=50K
 <=50K, <=50K
 <=50K, <=50K
 <=50K, <=50K
 >50K, >50K
 <=50K, <=50K
 >50K, >50K
 >50K, >50K
 <=50K, <=50K
 <=50K, <=50K
 <=50K, <=50K
 <=50K, >50K
 <=50K, >50K
 <=50K, <=50K
 <=50K, <=50K
 <=50K, <=50K
 >50K, >50K
 <=50K, <=50K
 <=50K, <=50K
 <=50K, <=50K
 <=50K, <=50K
 <=50K, >50K
 <=50K, <=50K
 <=50K, <=50K
 <=50K, <=50K
 <=50K, <=50K
 >50K, >50K
 >50K, >50K
 <=50K, >50K
 >50K, >50K
 <=50K, <=50K
 >50K, >50K
 >50K, >50K
 <=50K, <=50K
 <=50K, <=50K
 >50K, >50K
 <=50K, <=50K
 <=50K, <=50K
 <=50K, <=50K
 <=50K, <=50K
 <=50K, <=50K
 <=50K, >50K
 <=50K, <=50K
 >50K, <=50K
 >50K, >50K
 >50K, <=50K
 <=50K, <=50K
 <=50K, <=50K
 <=50K, <=50K
 <=50K, <=50K
 >50K, <=50K
 <=50K, <=50K
 >50K, >50K
 <=50K, <=50K
 >50K, <=50K
 <=50K, <=50K
 >50K, >50K
 <=50K, <=50K
 <=50K, <=50K
 <=50K, <=50K
 <=50K, <=50K
 <=50K, <=50K
 <=50K, <=50K
 <=50K, <=50K
 <=50K, <=50K
 <=50K, <=50K
 >50K, >50K
 >50K, <=50K
 <=50K, >50K
 <=50K, <=50K
 <=50K, <=50K
 >50K, >50K
 >50K, >50K
 <=50K, <=50K
 >50K, >50K
 <=50K, <=50K
 <=50K, >50K
 >50K, <=50K
 <=50K, <=50K
 <=50K, <=50K
 >50K, >50K
 <=50K, <=50K
 >50K, >50K
 <=50K, <=50K
 <=50K, <=50K
 <=50K, <=50K
 <=50K, <=50K
 <=50K, <=50K
 >50K, <=50K
 <=50K, <=50K
 <=50K, >50K
 <=50K, <=50K
 <=50K, <=50K
 >50K, >50K
 <=50K, <=50K
 >50K, >50K
 <=50K, <=50K
 <=50K, <=50K
 <=50K, <=50K
 <=50K, <=50K
 <=50K, <=50K
 >50K, <=50K
 >50K, <=50K
 <=50K, <=50K
 <=50K, <=50K
 <=50K, <=50K
 >50K, <=50K
 <=50K, <=50K
 <=50K, <=50K
 <=50K, <=50K
 <=50K, <=50K
 >50K, >50K
 <=50K, <=50K
 <=50K, <=50K
 <=50K, <=50K
 <=50K, <=50K
 <=50K, <=50K
 <=50K, <=50K
 <=50K, <=50K
 <=50K, <=50K
 <=50K, <=50K
 >50K, <=50K
 >50K, >50K
 <=50K, <=50K
 <=50K, <=50K
 <=50K, <=50K
 <=50K, >50K
 >50K, >50K
 <=50K, <=50K
 <=50K, <=50K
 <=50K, <=50K
 >50K, >50K
 <=50K, <=50K
 >50K, >50K
 <=50K, <=50K
 >50K, >50K
 <=50K, <=50K
 <=50K, >50K
 >50K, >50K
 <=50K, <=50K
 <=50K, >50K
 <=50K, <=50K
 <=50K, <=50K
 <=50K, <=50K
 <=50K, <=50K
 <=50K, <=50K
 >50K, <=50K
 <=50K, >50K
 <=50K, <=50K
 <=50K, <=50K
 <=50K, <=50K
 <=50K, <=50K
 <=50K, <=50K
 <=50K, <=50K
 >50K, <=50K
 >50K, >50K
 <=50K, <=50K
 >50K, >50K
 <=50K, <=50K
 <=50K, <=50K
 <=50K, <=50K
 >50K, >50K
 <=50K, <=50K
 <=50K, <=50K
 >50K, >50K
 >50K, >50K
 <=50K, <=50K
 >50K, >50K
 >50K, <=50K
 <=50K, <=50K
 >50K, >50K
 <=50K, <=50K
 <=50K, <=50K
 <=50K, <=50K
 <=50K, <=50K
 >50K, <=50K
 <=50K, <=50K
 <=50K, <=50K
 <=50K, <=50K
 <=50K, <=50K
 >50K, >50K
 <=50K, <=50K
 <=50K, <=50K
 <=50K, <=50K
 <=50K, <=50K
 <=50K, <=50K
 <=50K, <=50K
 >50K, <=50K
 >50K, >50K
 <=50K, <=50K
 >50K, >50K
 >50K, <=50K
 <=50K, <=50K
 <=50K, <=50K
 <=50K, <=50K
 <=50K, <=50K
 <=50K, <=50K
 <=50K, <=50K
 >50K, >50K
 <=50K, <=50K
 <=50K, >50K
 >50K, <=50K
 <=50K, <=50K
 <=50K, <=50K
 <=50K, <=50K
 >50K, >50K
 >50K, >50K
 <=50K, <=50K
 <=50K, <=50K
 <=50K, >50K
 <=50K, <=50K
 >50K, <=50K
 >50K, <=50K
 <=50K, <=50K
 <=50K, <=50K
 <=50K, >50K
 <=50K, <=50K
 >50K, >50K
 <=50K, >50K
 <=50K, <=50K
 >50K, >50K
 <=50K, <=50K
 <=50K, <=50K
 <=50K, <=50K
 <=50K, >50K
 >50K, <=50K
 <=50K, <=50K
 <=50K, <=50K
 <=50K, <=50K
 <=50K, <=50K
 >50K, <=50K
 >50K, <=50K
 <=50K, <=50K
 <=50K, <=50K
 >50K, >50K
 >50K, >50K
 <=50K, <=50K
 <=50K, <=50K
 <=50K, <=50K
 <=50K, <=50K
 <=50K, <=50K
 <=50K, <=50K
 >50K, >50K
 <=50K, <=50K
 <=50K, >50K
 <=50K, >50K
 <=50K, <=50K
 >50K, <=50K
 >50K, >50K
 >50K, <=50K
 >50K, >50K
 >50K, >50K
 >50K, >50K
 >50K, <=50K
 >50K, >50K
 <=50K, <=50K
 >50K, <=50K
 >50K, >50K
 <=50K, <=50K
 <=50K, <=50K
 <=50K, <=50K
 >50K, <=50K
 <=50K, <=50K
 <=50K, <=50K
 <=50K, >50K
 <=50K, <=50K
 <=50K, <=50K
 <=50K, <=50K
 >50K, >50K
 >50K, <=50K
 <=50K, <=50K
 <=50K, <=50K
 <=50K, <=50K
 >50K, >50K
 <=50K, <=50K
 >50K, <=50K
 <=50K, <=50K
 <=50K, >50K
 <=50K, <=50K
 <=50K, <=50K
 <=50K, <=50K
 >50K, >50K
 <=50K, <=50K
 >50K, >50K
 <=50K, <=50K
 <=50K, <=50K
 >50K, >50K
 <=50K, <=50K
 <=50K, >50K
 >50K, >50K
 <=50K, <=50K
 >50K, >50K
 <=50K, <=50K
 <=50K, <=50K
 <=50K, <=50K
 <=50K, <=50K
 >50K, >50K
 <=50K, <=50K
 <=50K, >50K
 <=50K, <=50K
 <=50K, <=50K
 <=50K, <=50K
 >50K, <=50K
 >50K, <=50K
 <=50K, <=50K
 >50K, <=50K
 <=50K, <=50K
 >50K, >50K
 <=50K, <=50K
 <=50K, <=50K
 >50K, >50K
 <=50K, >50K
 >50K, <=50K
 >50K, >50K
 <=50K, <=50K
 >50K, >50K
 >50K, >50K
 <=50K, <=50K
 <=50K, <=50K
 >50K, >50K
 <=50K, <=50K
 <=50K, <=50K
 <=50K, <=50K
 >50K, >50K
 >50K, >50K
 <=50K, <=50K
 <=50K, <=50K
 <=50K, <=50K
 <=50K, <=50K
 <=50K, <=50K
 <=50K, <=50K
 >50K, >50K
 <=50K, <=50K
 >50K, >50K
 >50K, >50K
 <=50K, <=50K
 <=50K, <=50K
 <=50K, <=50K
 <=50K, >50K
 <=50K, <=50K
 <=50K, >50K
 <=50K, <=50K
 >50K, <=50K
 <=50K, <=50K
 <=50K, <=50K
 <=50K, >50K
 <=50K, <=50K
 <=50K, <=50K
 <=50K, >50K
 <=50K, <=50K
 <=50K, <=50K
 <=50K, >50K
 <=50K, <=50K
 <=50K, <=50K
 <=50K, <=50K
 <=50K, >50K
 <=50K, <=50K
 <=50K, >50K
 <=50K, <=50K
 >50K, >50K
 <=50K, <=50K
 >50K, >50K
 <=50K, <=50K
 <=50K, <=50K
 >50K, <=50K
 <=50K, >50K
 <=50K, <=50K
 <=50K, <=50K
 <=50K, <=50K
 <=50K, >50K
 <=50K, <=50K
 <=50K, <=50K
 <=50K, <=50K
 >50K, >50K
 <=50K, <=50K
 <=50K, <=50K
 >50K, <=50K
 <=50K, <=50K
 >50K, >50K
 <=50K, <=50K
 >50K, >50K
 >50K, <=50K
 <=50K, <=50K
 <=50K, <=50K
 <=50K, <=50K
 <=50K, <=50K
 <=50K, <=50K
 >50K, >50K
 >50K, <=50K
 <=50K, <=50K
 <=50K, <=50K
 >50K, <=50K
 <=50K, >50K
 <=50K, <=50K
 <=50K, <=50K
 <=50K, <=50K
 >50K, >50K
 <=50K, <=50K
 <=50K, <=50K
 <=50K, <=50K
 <=50K, <=50K
 <=50K, <=50K
 <=50K, <=50K
 <=50K, <=50K
 >50K, >50K
 <=50K, <=50K
 <=50K, <=50K
 <=50K, <=50K
 >50K, >50K
 >50K, <=50K
 <=50K, <=50K
 <=50K, <=50K
 <=50K, <=50K
 >50K, >50K
 <=50K, <=50K
 <=50K, >50K
 <=50K, <=50K
 <=50K, <=50K
 >50K, >50K
 <=50K, <=50K
 >50K, <=50K
 <=50K, <=50K
 <=50K, <=50K
 >50K, >50K
 <=50K, <=50K
 <=50K, >50K
 <=50K, <=50K
 <=50K, <=50K
 >50K, >50K
 <=50K, <=50K
 <=50K, >50K
 <=50K, >50K
 <=50K, <=50K
 >50K, >50K
 <=50K, <=50K
 <=50K, <=50K
 <=50K, >50K
 <=50K, <=50K
 <=50K, <=50K
 >50K, >50K
 <=50K, <=50K
 <=50K, <=50K
 <=50K, >50K
 <=50K, >50K
 <=50K, <=50K
 >50K, >50K
 >50K, <=50K
 <=50K, <=50K
 >50K, <=50K
 <=50K, <=50K
 <=50K, <=50K
 <=50K, <=50K
 >50K, <=50K
 >50K, <=50K
 >50K, >50K
 >50K, <=50K
 <=50K, <=50K
 <=50K, <=50K
 <=50K, <=50K
 <=50K, <=50K
 <=50K, >50K
 <=50K, <=50K
 <=50K, <=50K
 <=50K, <=50K
 <=50K, <=50K
 <=50K, <=50K
 <=50K, <=50K
 <=50K, <=50K
 <=50K, <=50K
 >50K, >50K
 >50K, >50K
 >50K, >50K
 <=50K, <=50K
 >50K, >50K
 >50K, <=50K
 <=50K, <=50K
 <=50K, <=50K
 <=50K, <=50K
 <=50K, <=50K
 <=50K, <=50K
 >50K, >50K
 >50K, >50K
 <=50K, <=50K
 <=50K, <=50K
 >50K, >50K
 <=50K, >50K
 <=50K, <=50K
 <=50K, <=50K
 >50K, >50K
 <=50K, <=50K
 >50K, >50K
 <=50K, <=50K
 <=50K, <=50K
 <=50K, >50K
 <=50K, <=50K
 <=50K, <=50K
 >50K, <=50K
 >50K, <=50K
 <=50K, <=50K
 <=50K, >50K
 <=50K, <=50K
 <=50K, >50K
 <=50K, <=50K
 >50K, <=50K
 <=50K, <=50K
 <=50K, <=50K
 <=50K, <=50K
 <=50K, <=50K
 <=50K, <=50K
 <=50K, <=50K
 <=50K, <=50K
 <=50K, <=50K
 <=50K, <=50K
 <=50K, <=50K
 >50K, >50K
 <=50K, <=50K
 <=50K, <=50K
 <=50K, <=50K
 <=50K, <=50K
 <=50K, <=50K
 <=50K, <=50K
 <=50K, <=50K
 <=50K, <=50K
 <=50K, <=50K
 <=50K, <=50K
 <=50K, <=50K
 <=50K, <=50K
 >50K, >50K
 <=50K, <=50K
 >50K, <=50K
 >50K, <=50K
 <=50K, <=50K
 <=50K, >50K
 >50K, >50K
 <=50K, <=50K
 <=50K, >50K
 <=50K, <=50K
 <=50K, <=50K
 <=50K, <=50K
 <=50K, <=50K
 <=50K, <=50K
 <=50K, <=50K
 >50K, >50K
 >50K, >50K
 >50K, >50K
 >50K, >50K
 <=50K, <=50K
 >50K, <=50K
 >50K, <=50K
 <=50K, <=50K
 >50K, >50K
 <=50K, <=50K
 >50K, <=50K
 <=50K, <=50K
 <=50K, >50K
 <=50K, <=50K
 <=50K, <=50K
 <=50K, <=50K
 <=50K, <=50K
 <=50K, <=50K
 <=50K, <=50K
 >50K, >50K
 <=50K, <=50K
 >50K, <=50K
 >50K, >50K
 <=50K, <=50K
 <=50K, <=50K
 <=50K, <=50K
 <=50K, >50K
 <=50K, <=50K
 <=50K, <=50K
 <=50K, <=50K
 <=50K, <=50K
 >50K, >50K
 <=50K, <=50K
 >50K, <=50K
 >50K, >50K
 <=50K, <=50K
 <=50K, <=50K
 <=50K, <=50K
 <=50K, >50K
 <=50K, >50K
 <=50K, <=50K
 >50K, <=50K
 <=50K, >50K
 <=50K, <=50K
 >50K, >50K
 <=50K, <=50K
 >50K, >50K
 <=50K, <=50K
 <=50K, <=50K
 <=50K, <=50K
 <=50K, <=50K
 <=50K, <=50K
 >50K, >50K
 >50K, >50K
 <=50K, <=50K
 <=50K, >50K
 <=50K, <=50K
 >50K, >50K
 <=50K, <=50K
 <=50K, >50K
 >50K, >50K
 <=50K, <=50K
 <=50K, <=50K
 <=50K, <=50K
 <=50K, <=50K
 >50K, >50K
 <=50K, <=50K
 >50K, >50K
 <=50K, >50K
 <=50K, <=50K
 <=50K, <=50K
 <=50K, <=50K
 <=50K, <=50K
 >50K, >50K
 >50K, <=50K
 <=50K, <=50K
 <=50K, <=50K
 >50K, >50K
 <=50K, <=50K
 <=50K, <=50K
 <=50K, <=50K
 <=50K, <=50K
 <=50K, <=50K
 >50K, >50K
 >50K, >50K
 <=50K, <=50K
 >50K, >50K
 <=50K, <=50K
 >50K, >50K
 >50K, <=50K
 <=50K, <=50K
 <=50K, <=50K
 <=50K, <=50K
 <=50K, <=50K
 <=50K, <=50K
 <=50K, <=50K
 <=50K, <=50K
 <=50K, <=50K
 >50K, <=50K
 <=50K, <=50K
 >50K, >50K
 <=50K, <=50K
 <=50K, <=50K
 >50K, >50K
 <=50K, <=50K
 <=50K, <=50K
 >50K, <=50K
 <=50K, <=50K
 <=50K, <=50K
 >50K, <=50K
 <=50K, <=50K
 <=50K, <=50K
 <=50K, <=50K
 <=50K, <=50K
 <=50K, <=50K
 <=50K, >50K
 <=50K, <=50K
 <=50K, <=50K
 <=50K, <=50K
 <=50K, <=50K
 <=50K, <=50K
 <=50K, <=50K
 <=50K, <=50K
 <=50K, <=50K
 <=50K, <=50K
 <=50K, <=50K
 <=50K, <=50K
 >50K, >50K
 <=50K, >50K
 <=50K, <=50K
 >50K, >50K
 <=50K, <=50K
 <=50K, <=50K
 <=50K, <=50K
 <=50K, >50K
 <=50K, <=50K
 >50K, <=50K
 <=50K, <=50K
 <=50K, <=50K
 >50K, <=50K
 <=50K, <=50K
 <=50K, <=50K
 >50K, >50K
 <=50K, <=50K
 <=50K, >50K
 <=50K, <=50K
 <=50K, <=50K
 <=50K, <=50K
 <=50K, <=50K
 <=50K, <=50K
 <=50K, <=50K
 <=50K, <=50K
 >50K, >50K
 >50K, >50K
 <=50K, <=50K
 <=50K, <=50K
 >50K, >50K
 <=50K, >50K
 <=50K, <=50K
 <=50K, <=50K
 <=50K, <=50K
 >50K, >50K
 <=50K, <=50K
 <=50K, <=50K
 >50K, >50K
 >50K, <=50K
 <=50K, <=50K
 <=50K, <=50K
 <=50K, <=50K
 >50K, <=50K
 <=50K, <=50K
 <=50K, <=50K
 >50K, <=50K
 <=50K, <=50K
 <=50K, <=50K
 <=50K, <=50K
 >50K, <=50K
 <=50K, <=50K
 <=50K, <=50K
 <=50K, <=50K
 <=50K, <=50K
 <=50K, <=50K
 <=50K, <=50K
 <=50K, >50K
 <=50K, <=50K
 <=50K, <=50K
 <=50K, <=50K
 <=50K, <=50K
 <=50K, <=50K
 <=50K, <=50K
 <=50K, <=50K
 <=50K, <=50K
 <=50K, <=50K
 <=50K, <=50K
 <=50K, >50K
 <=50K, <=50K
 >50K, <=50K
 >50K, >50K
 <=50K, <=50K
 <=50K, <=50K
 <=50K, <=50K
 <=50K, <=50K
 <=50K, <=50K
 <=50K, <=50K
 >50K, >50K
 <=50K, <=50K
 <=50K, <=50K
 <=50K, >50K
 >50K, >50K
 <=50K, <=50K
 <=50K, <=50K
 >50K, >50K
 <=50K, <=50K
 <=50K, <=50K
 <=50K, <=50K
 <=50K, <=50K
 >50K, <=50K
 <=50K, <=50K
 <=50K, <=50K
 <=50K, <=50K
 <=50K, <=50K
 <=50K, <=50K
 <=50K, <=50K
 <=50K, <=50K
 >50K, >50K
 >50K, >50K
 >50K, >50K
 <=50K, <=50K
 <=50K, >50K
 <=50K, >50K
 >50K, >50K
 <=50K, <=50K
 <=50K, <=50K
 <=50K, <=50K
 <=50K, <=50K
 >50K, >50K
 >50K, >50K
 <=50K, <=50K
 <=50K, <=50K
 <=50K, <=50K
 <=50K, >50K
 <=50K, >50K
 <=50K, <=50K
 <=50K, <=50K
 >50K, >50K
 <=50K, <=50K
 <=50K, >50K
 <=50K, <=50K
 >50K, >50K
 <=50K, <=50K
 >50K, <=50K
 <=50K, <=50K
 <=50K, <=50K
 <=50K, <=50K
 >50K, <=50K
 >50K, <=50K
 >50K, <=50K
 <=50K, <=50K
 <=50K, <=50K
 >50K, <=50K
 <=50K, <=50K
 <=50K, <=50K
 >50K, >50K
 >50K, >50K
 <=50K, <=50K
 <=50K, <=50K
 <=50K, <=50K
 <=50K, <=50K
 <=50K, <=50K
 <=50K, <=50K
 >50K, >50K
 <=50K, <=50K
 <=50K, <=50K
 <=50K, <=50K
 >50K, >50K
 <=50K, <=50K
 <=50K, <=50K
 <=50K, <=50K
 <=50K, <=50K
 <=50K, <=50K
 <=50K, <=50K
 <=50K, <=50K
 >50K, <=50K
 >50K, >50K
 <=50K, <=50K
 >50K, >50K
 >50K, <=50K
 >50K, <=50K
 <=50K, <=50K
 <=50K, <=50K
 <=50K, >50K
 <=50K, >50K
 <=50K, <=50K
 <=50K, <=50K
 <=50K, <=50K
 <=50K, <=50K
 >50K, >50K
 <=50K, <=50K
 <=50K, <=50K
 <=50K, <=50K
 <=50K, <=50K
 <=50K, <=50K
 <=50K, >50K
 <=50K, <=50K
 >50K, >50K
 <=50K, <=50K
 <=50K, <=50K
 >50K, >50K
 <=50K, <=50K
 <=50K, <=50K
 >50K, >50K
 <=50K, <=50K
 <=50K, <=50K
 <=50K, <=50K
 <=50K, <=50K
 <=50K, >50K
 <=50K, <=50K
 <=50K, >50K
 <=50K, <=50K
 <=50K, >50K
 <=50K, <=50K
 >50K, >50K
 <=50K, >50K
 <=50K, >50K
 <=50K, <=50K
 >50K, <=50K
 <=50K, <=50K
 <=50K, <=50K
 <=50K, <=50K
 <=50K, >50K
 <=50K, <=50K
 <=50K, <=50K
 <=50K, >50K
 <=50K, <=50K
 >50K, <=50K
 >50K, <=50K
 <=50K, <=50K
 >50K, <=50K
 <=50K, <=50K
 >50K, <=50K
 <=50K, <=50K
 <=50K, <=50K
 >50K, <=50K
 <=50K, >50K
 <=50K, <=50K
 <=50K, >50K
 <=50K, <=50K
 <=50K, <=50K
 >50K, >50K
 <=50K, <=50K
 >50K, >50K
 <=50K, >50K
 <=50K, <=50K
 <=50K, <=50K
 <=50K, <=50K
 <=50K, <=50K
 >50K, >50K
 <=50K, <=50K
 <=50K, <=50K
 <=50K, <=50K
 >50K, <=50K
 <=50K, <=50K
 <=50K, <=50K
 <=50K, <=50K
 <=50K, >50K
 <=50K, <=50K
 <=50K, <=50K
 >50K, >50K
 <=50K, <=50K
 <=50K, <=50K
 <=50K, <=50K
 <=50K, <=50K
 >50K, >50K
 >50K, <=50K
 <=50K, <=50K
 >50K, >50K
 <=50K, <=50K
 >50K, <=50K
 <=50K, <=50K
 <=50K, <=50K
 <=50K, <=50K
 >50K, >50K
 <=50K, <=50K
 >50K, >50K
 <=50K, <=50K
 <=50K, <=50K
 <=50K, <=50K
 >50K, <=50K
 >50K, >50K
 >50K, >50K
 <=50K, >50K
 >50K, <=50K
 <=50K, <=50K
 >50K, <=50K
 <=50K, <=50K
 <=50K, <=50K
 >50K, <=50K
 >50K, >50K
 <=50K, <=50K
 <=50K, <=50K
 <=50K, <=50K
 <=50K, <=50K
 <=50K, <=50K
 <=50K, <=50K
 <=50K, <=50K
 <=50K, <=50K
 <=50K, >50K
 <=50K, <=50K
 <=50K, <=50K
 <=50K, <=50K
 <=50K, <=50K
 <=50K, <=50K
 <=50K, <=50K
 <=50K, <=50K
 >50K, >50K
 <=50K, <=50K
 <=50K, <=50K
 <=50K, <=50K
 <=50K, <=50K
 >50K, <=50K
 <=50K, >50K
 <=50K, <=50K
 >50K, >50K
 <=50K, <=50K
 <=50K, <=50K
 <=50K, <=50K
 <=50K, <=50K
 <=50K, <=50K
 <=50K, <=50K
 <=50K, <=50K
 <=50K, >50K
 >50K, >50K
 <=50K, >50K
 <=50K, <=50K
 <=50K, <=50K
 <=50K, <=50K
 <=50K, >50K
 >50K, >50K
 <=50K, <=50K
 >50K, >50K
 <=50K, <=50K
 >50K, <=50K
 <=50K, <=50K
 >50K, <=50K
 <=50K, <=50K
 <=50K, <=50K
 <=50K, <=50K
 <=50K, <=50K
 <=50K, <=50K
 <=50K, <=50K
 <=50K, <=50K
 <=50K, <=50K
 <=50K, <=50K
 >50K, <=50K
 <=50K, <=50K
 <=50K, <=50K
 >50K, >50K
 >50K, <=50K
 <=50K, <=50K
 <=50K, <=50K
 <=50K, <=50K
 >50K, >50K
 <=50K, <=50K
 <=50K, <=50K
 <=50K, <=50K
 <=50K, <=50K
 <=50K, >50K
 <=50K, <=50K
 <=50K, <=50K
 <=50K, <=50K
 <=50K, <=50K
 <=50K, <=50K
 >50K, <=50K
 <=50K, <=50K
 >50K, >50K
 <=50K, <=50K
 <=50K, <=50K
 <=50K, <=50K
 <=50K, <=50K
 >50K, >50K
 >50K, >50K
 <=50K, <=50K
 <=50K, <=50K
 <=50K, <=50K
 <=50K, <=50K
 <=50K, <=50K
 >50K, >50K
 <=50K, <=50K
 >50K, >50K
 <=50K, <=50K
 <=50K, <=50K
 <=50K, <=50K
 >50K, >50K
 <=50K, <=50K
 >50K, <=50K
 <=50K, <=50K
 >50K, >50K
 <=50K, <=50K
 <=50K, <=50K
 <=50K, <=50K
 <=50K, >50K
 <=50K, <=50K
 <=50K, <=50K
 >50K, <=50K
 >50K, <=50K
 >50K, <=50K
 <=50K, <=50K
 >50K, >50K
 >50K, >50K
 <=50K, <=50K
 <=50K, >50K
 <=50K, <=50K
 >50K, <=50K
 <=50K, <=50K
 >50K, >50K
 <=50K, <=50K
 >50K, >50K
 <=50K, <=50K
 >50K, <=50K
 <=50K, <=50K
 <=50K, <=50K
 <=50K, <=50K
 <=50K, <=50K
 >50K, <=50K
 >50K, >50K
 >50K, >50K
 <=50K, >50K
 <=50K, <=50K
 <=50K, <=50K
 >50K, <=50K
 >50K, <=50K
 <=50K, <=50K
 <=50K, >50K
 <=50K, <=50K
 <=50K, <=50K
 <=50K, <=50K
 <=50K, <=50K
 <=50K, <=50K
 <=50K, <=50K
 <=50K, >50K
 <=50K, <=50K
 <=50K, <=50K
 <=50K, <=50K
 <=50K, <=50K
 <=50K, <=50K
 >50K, >50K
 <=50K, <=50K
 <=50K, <=50K
 <=50K, <=50K
 <=50K, >50K
 >50K, <=50K
 <=50K, <=50K
 <=50K, >50K
 >50K, >50K
 <=50K, <=50K
 >50K, >50K
 <=50K, <=50K
 <=50K, >50K
 <=50K, >50K
 <=50K, <=50K
 >50K, >50K
 <=50K, <=50K
 <=50K, >50K
 >50K, >50K
 <=50K, <=50K
 >50K, >50K
 >50K, <=50K
 <=50K, <=50K
 <=50K, <=50K
 >50K, >50K
 <=50K, <=50K
 <=50K, <=50K
 <=50K, <=50K
 <=50K, <=50K
 <=50K, <=50K
 <=50K, <=50K
 >50K, >50K
 <=50K, <=50K
 <=50K, >50K
 <=50K, <=50K
 <=50K, <=50K
 <=50K, <=50K
 <=50K, <=50K
 <=50K, <=50K
 >50K, >50K
 <=50K, <=50K
 <=50K, <=50K
 <=50K, >50K
 <=50K, >50K
 <=50K, <=50K
 <=50K, <=50K
 >50K, >50K
 <=50K, <=50K
 <=50K, <=50K
 <=50K, <=50K
 <=50K, <=50K
 <=50K, <=50K
 <=50K, >50K
 <=50K, >50K
 >50K, >50K
 <=50K, <=50K
 <=50K, <=50K
 <=50K, <=50K
 <=50K, <=50K
 <=50K, <=50K
 >50K, >50K
 <=50K, <=50K
 <=50K, <=50K
 <=50K, >50K
 <=50K, <=50K
 <=50K, >50K
 <=50K, >50K
 <=50K, <=50K
 <=50K, <=50K
 <=50K, <=50K
 <=50K, <=50K
 >50K, <=50K
 <=50K, <=50K
 <=50K, <=50K
 <=50K, <=50K
 <=50K, >50K
 <=50K, >50K
 <=50K, <=50K
 >50K, >50K
 <=50K, <=50K
 <=50K, <=50K
 <=50K, <=50K
 <=50K, <=50K
 >50K, >50K
 >50K, <=50K
 >50K, <=50K
 <=50K, <=50K
 <=50K, <=50K
 >50K, >50K
 <=50K, <=50K
 <=50K, <=50K
 <=50K, <=50K
 <=50K, <=50K
 <=50K, <=50K
 <=50K, <=50K
 <=50K, <=50K
 <=50K, <=50K
 <=50K, >50K
 <=50K, >50K
 >50K, >50K
 <=50K, <=50K
 <=50K, <=50K
 >50K, <=50K
 <=50K, <=50K
 <=50K, >50K
 <=50K, <=50K
 <=50K, <=50K
 <=50K, <=50K
 <=50K, <=50K
 <=50K, <=50K
 <=50K, <=50K
 <=50K, <=50K
 >50K, >50K
 >50K, >50K
 <=50K, <=50K
 >50K, <=50K
 <=50K, <=50K
 <=50K, <=50K
 <=50K, <=50K
 <=50K, <=50K
 <=50K, <=50K
 <=50K, <=50K
 <=50K, <=50K
 <=50K, <=50K
 <=50K, <=50K
 <=50K, <=50K
 <=50K, <=50K
 <=50K, <=50K
 >50K, <=50K
 >50K, >50K
 <=50K, <=50K
 <=50K, <=50K
 >50K, >50K
 <=50K, <=50K
 <=50K, <=50K
 <=50K, <=50K
 <=50K, <=50K
 <=50K, >50K
 <=50K, >50K
 <=50K, <=50K
 <=50K, <=50K
 <=50K, <=50K
 >50K, >50K
 <=50K, <=50K
 <=50K, <=50K
 <=50K, <=50K
 <=50K, >50K
 <=50K, >50K
 <=50K, <=50K
 >50K, >50K
 <=50K, <=50K
 >50K, <=50K
 <=50K, <=50K
 >50K, <=50K
 >50K, >50K
 <=50K, <=50K
 <=50K, <=50K
 <=50K, <=50K
 <=50K, <=50K
 <=50K, <=50K
 <=50K, <=50K
 <=50K, <=50K
 >50K, >50K
 <=50K, <=50K
 <=50K, <=50K
 <=50K, <=50K
 >50K, <=50K
 <=50K, <=50K
 >50K, <=50K
 <=50K, <=50K
 >50K, >50K
 >50K, >50K
 <=50K, <=50K
 <=50K, <=50K
 <=50K, <=50K
 >50K, >50K
 <=50K, <=50K
 >50K, >50K
 <=50K, <=50K
 >50K, >50K
 <=50K, <=50K
 <=50K, <=50K
 <=50K, <=50K
 <=50K, >50K
 <=50K, <=50K
 <=50K, >50K
 <=50K, <=50K
 >50K, <=50K
 <=50K, <=50K
 <=50K, >50K
 <=50K, <=50K
 <=50K, <=50K
 <=50K, <=50K
 >50K, >50K
 <=50K, <=50K
 <=50K, >50K
 <=50K, <=50K
 <=50K, <=50K
 <=50K, <=50K
 <=50K, <=50K
 <=50K, <=50K
 <=50K, <=50K
 <=50K, <=50K
 <=50K, <=50K
 <=50K, <=50K
 <=50K, <=50K
 <=50K, <=50K
 <=50K, <=50K
 <=50K, <=50K
 <=50K, <=50K
 <=50K, <=50K
 <=50K, <=50K
 <=50K, <=50K
 <=50K, <=50K
 <=50K, <=50K
 <=50K, >50K
 <=50K, <=50K
 >50K, <=50K
 <=50K, <=50K
 >50K, <=50K
 <=50K, >50K
 <=50K, <=50K
 <=50K, <=50K
 >50K, <=50K
 <=50K, <=50K
 <=50K, <=50K
 >50K, >50K
 <=50K, <=50K
 <=50K, <=50K
 <=50K, <=50K
 <=50K, <=50K
 >50K, >50K
 >50K, <=50K
 <=50K, <=50K
 <=50K, <=50K
 <=50K, <=50K
 <=50K, <=50K
 <=50K, <=50K
 <=50K, <=50K
 <=50K, <=50K
 <=50K, <=50K
 <=50K, <=50K
 <=50K, <=50K
 >50K, >50K
 <=50K, >50K
 >50K, >50K
 >50K, >50K
 <=50K, <=50K
 <=50K, <=50K
 >50K, <=50K
 <=50K, <=50K
 >50K, >50K
 >50K, <=50K
 <=50K, <=50K
 <=50K, <=50K
 <=50K, <=50K
 <=50K, <=50K
 <=50K, <=50K
 >50K, >50K
 <=50K, <=50K
 <=50K, <=50K
 <=50K, >50K
 <=50K, <=50K
 <=50K, <=50K
 <=50K, <=50K
 <=50K, >50K
 <=50K, <=50K
 >50K, >50K
 <=50K, <=50K
 <=50K, >50K
 >50K, <=50K
 <=50K, <=50K
 <=50K, <=50K
 >50K, >50K
ACCURACY: 0.812424242424
